{"mean": 29377.686377222224, "std": 15160.526092091366}