{"mean": 29236.322774722226, "std": 15074.674996839398}