{"mean": 29237.43313166667, "std": 15074.522444553084}