{"mean": 29087.380896666666, "std": 14983.669243924283}