{"mean": 3972.8727729159164, "std": 14983.669243924283}