{"mean": 1731.9090213888887, "std": 1097.9015073895132}