{"mean": 1721.1321169444445, "std": 1090.7000773538946}