{"mean": 29080.68849736778, "std": 1090.7000773538946}