{"mean": 1731.8442333333335, "std": 1097.9264202316676}