{"mean": 1741.8906675, "std": 1104.622886844108}